{
    "CNT": {
        "fiber": [
            0.12879488711009465,
            0.12585318296188003,
            0.12119551212429863,
            0.13521568422662053,
            0.14256866607496435,
            0.1388850830301091,
            0.16359132811500707,
            0.1790848873163241,
            0.1818196692006752,
            0.1813688569255881,
            0.18264779439175677,
            0.18049489483979567,
            0.1613955189693334,
            0.14594602534394208,
            0.1241445467192229,
            0.10494607071031298,
            0.08749833307894428,
            0.06879471036569945,
            0.05164344426370315,
            0.035945601414903904,
            0.021782509424316598,
            0.010688156893790428,
            0.004894784983799993,
            0.00016247733094011503,
            -0.005423594690690437,
            -0.008354018035281624,
            -0.0055592904735482975,
            -0.00022701384314174905,
            0.007103124020869431,
            0.007978087961291704,
            0.008764935749498085,
            0.008935044336317135,
            0.029238721272395952,
            0.050803754048013794,
            0.0346623109844701,
            0.027789114903539854,
            0.01798732022152642,
            0.01477694786988597,
            0.024735282811590813,
            0.042567663611833666
        ],
        "circumferential": [
            0.25647794775456706,
            0.24954090523820113,
            0.2386751211023248,
            0.26651977746784145,
            0.29115395615228157,
            0.29334286698016093,
            0.3366684926983662,
            0.36216868521480255,
            0.3662809958874005,
            0.364806225317085,
            0.36470237724039994,
            0.3573895176879195,
            0.3210436505293315,
            0.2910668751481693,
            0.24988111958299652,
            0.2130637163336027,
            0.17996696429992123,
            0.14511328363675197,
            0.11409217424478803,
            0.08578545398467068,
            0.059291533442337785,
            0.0372151633816799,
            0.023322644557731646,
            0.011711230167007885,
            0.0004584087960082716,
            -0.006048592882402486,
            -0.004312330982835611,
            0.001058646670655827,
            0.009063533454545915,
            0.00906845625048776,
            0.00975272875976737,
            0.011231869963433515,
            0.04234386339247299,
            0.07382606827105608,
            0.06651591101314479,
            0.0669287466051827,
            0.05840319047952702,
            0.05555556439874195,
            0.07268922340325913,
            0.10355966197822745
        ],
        "longitudinal": [
            0.08981842324522162,
            0.08945981852686469,
            0.08865359220802019,
            0.09953426510671633,
            0.11458161748679395,
            0.12887092207630602,
            0.15053653163232023,
            0.16824483914091218,
            0.1780952696377579,
            0.18829227148700808,
            0.19684957456297844,
            0.2027429490721558,
            0.19755619216888257,
            0.19014300391473782,
            0.1719636696540724,
            0.1540832438832485,
            0.13546628274126918,
            0.1124462220396403,
            0.08766747005400154,
            0.06301975435159742,
            0.04158671697427214,
            0.025195634210404928,
            0.015062851780115061,
            0.008367953945153756,
            0.0024410601713238133,
            -0.0008295318430400745,
            0.00016114915689005626,
            0.0029348247342366194,
            0.006998479075144023,
            0.0069759749845637944,
            0.007077583487272052,
            0.00685225867677702,
            0.018900594684494905,
            0.03164111513992666,
            0.0210248347214434,
            0.022318278067326107,
            0.027014389943250987,
            0.03406491059553211,
            0.04251212552321954,
            0.05136035731041382
        ]
    },
    "PAHw4": {
        "fiber": [
            0.13521284584167273,
            0.13823789955071958,
            0.13974473469292642,
            0.13898255682195507,
            0.1474562015638217,
            0.14180727046903255,
            0.14695543865043403,
            0.13765120488678864,
            0.13201264805029211,
            0.1487363178147967,
            0.17165377923824263,
            0.19797090341765416,
            0.22224431253656196,
            0.18076072531539705,
            0.15080667268489725,
            0.12484938235900261,
            0.09086809609555219,
            0.06655530184775789,
            0.04482864056043591,
            0.027018348300189562,
            0.013543375575494501,
            0.006604754247729014,
            0.008070043851617397,
            0.010034594623028262,
            0.007488740528484533,
            0.006382257396424877,
            0.009769535269973288,
            0.013592183423428128,
            0.015545368774692099,
            0.01630061944325247,
            0.017689570035962686,
            0.016676366191170747,
            0.02714499354101674,
            0.04838972641305385,
            0.0032941350674899695,
            0.002249735862057832,
            -0.006695948856674306,
            -0.015365012380083271,
            -0.0035255774117681324,
            0.023685707715757714
        ],
        "circumferential": [
            0.27388778553109433,
            0.2789825944345925,
            0.28043299013971806,
            0.2769238534510673,
            0.2827184801140648,
            0.2797626449666787,
            0.2886118482703043,
            0.27545805752713437,
            0.2712311678139338,
            0.2995811887570094,
            0.33602966675499624,
            0.37929155670165143,
            0.4230869419339201,
            0.359848262615446,
            0.3090878533702608,
            0.2632930030317959,
            0.20395823032297097,
            0.1619316870502802,
            0.12479226574360985,
            0.09370722170988925,
            0.06859789778082954,
            0.05330299616372916,
            0.0505609462849061,
            0.049711588958060715,
            0.044073998571248794,
            0.041383573901639444,
            0.044473434430647135,
            0.04701844584691019,
            0.04603130041344053,
            0.04419647267698036,
            0.04289725646472749,
            0.03966416363978503,
            0.05144319429777372,
            0.07843090734702371,
            0.026224761218283776,
            0.03438539169858463,
            0.026824704676382025,
            0.01619439751482705,
            0.037710320750581915,
            0.08673284559555446
        ],