{
    "CNT": [
        0.0,
        0.0,
        0.0,
        0.0,
        1.2328868168837632,
        3.9535240601455395,
        5.824484630796441,
        7.918470127846942,
        10.101882265475176,
        13.292015034061892,
        15.69124715163361,
        18.258378615942856,
        22.683987049454707,
        25.217987701155923,
        27.256798494694408,
        28.865249046763417,
        29.814905934707188,
        30.5516543030627,
        31.175365277182284,
        31.874651849841158,
        33.100086150549345,
        34.82977653412383,
        36.23044486238375,
        36.793780379266245,
        35.6270621764406,
        31.560183440318564,
        24.58744701910568,
        17.527886194680203,
        11.929409194279891,
        8.916551843696158,
        7.023783050480172,
        5.401611934488907,
        3.4689842917665756,
        2.6176108926319186,
        1.7165654848902618,
        1.7452579886309296,
        2.144349704561371,
        2.394053983433768,
        1.9465589876726026,
        1.4120048685793138
    ],
    "PAHw4": [
        0.0,
        0.0,
        0.0,
        0.0,
        0.0,
        0.923,
        2.096,
        4.021,
        6.144,
        7.041,
        7.209,
        7.609,
        8.726,
        12.93,
        14.942,
        16.642,
        19.191,
        21.522,
        24.39,
        27.52,
        30.485,
        32.765,
        33.59,
        33.715,
        33.106,
        30.436,
        25.608,
        20.161,
        16.27,
        12.582,
        9.492,
        6.865,
        4.963,
        3.6663141221150415,
        3.190429677912931,
        2.380201010738803,
        2.2338957738746914,
        2.5854232011318747,
        2.3805815021590067,
        1.9162869506724327
    ],
    "PAHw8": [
        0.0,
        0.0,
        0.0,
        0.0,
        0.0,
        0.0,
        0.0,
        0.0,
        0.607,
        1.825,
        3.299,
        4.311,
        5.645,
        7.646,
        12.108,
        16.837,
        21.136,
        24.865,
        28.986,
        32.587,
        34.266,
        35.384,
        36.272,
        37.252,
        36.509,
        34.569,
        31.178,
        28.253,
        25.656,
        22.406,
        19.481,
        14.918,
        10.807,
        4.5458488449981225,
        2.9570469403565522,
        1.7676033608214137,
        0.8107235909562966,
        0.3406096098578217,
        0.22356469884770172,
        0.4241486268438158
    ],
    "PAHw12": [
        0.0,
        0.0,
        0.0,
        0.0,
        0.741,
        0.881,
        0.0,
        0.0,
        1.264,
        1.821,
        3.345,
        4.866,
        7.451,
        10.208,
        13.89,
        16.451,
        19.01,
        21.198,
        22.869,
        23.998,
        24.451,
        24.451,
        24.328,
        23.769,
        22.917,
        21.623,
        20.281,
        18.599,
        16.187,
        13.998,
        11.557215461252616,
        7.27132721853111,
        4.924168785635535,
        0.0,
        0.0,
        0.0,
        0.0,
        0.6901105860853897,
        0.6159193413329459,
        0.3433274589794752
    ]
}