{
    "CNT": {
        "fiber": [
            0.31758795721023525,
            0.297567913625977,
            0.2671936475620049,
            0.3591581572920013,
            1.4749158194559688,
            3.7545387376771715,
            5.927608193248633,
            8.34308676353997,
            10.545411588726175,
            13.604086914484936,
            15.988373452193763,
            18.328213221671373,
            21.12842786641954,
            22.180442493472583,
            22.071818944355904,
            21.65685194033584,
            20.781747915703903,
            19.539497747362475,
            18.247420806945808,
            17.014689328703824,
            16.071075267074235,
            15.486992206443665,
            15.10777616750705,
            14.4830728587441,
            13.235564522812997,
            11.340704447969252,
            8.940472076972364,
            6.6016862215798735,
            4.733947658317442,
            3.5972396167533205,
            2.894116903941512,
            2.301020890564298,
            1.7865589192313918,
            1.616085908600327,
            0.989847550559778,
            0.9485601407584449,
            1.099198366815723,
            1.2128132244349357,
            1.0397890460189434,
            0.8287523178518583
        ],
        "circumferential": [
            0.1757590197234466,
            0.15501808422644817,
            0.12441750015020302,
            0.20161217592657724,
            1.2817249252782572,
            3.494349078147326,
            5.678151038504242,
            8.090457680804922,
            10.23936425326482,
            13.175799069614374,
            15.42096242225901,
            17.526282219426104,
            19.782897266286355,
            20.3877820443814,
            19.81533617026324,
            18.985538566842543,
            17.804997266637344,
            16.315223673346708,
            14.876037672022418,
            13.516278839589134,
            12.338419241339144,
            11.411789344337532,
            10.701666229994794,
            9.8377525731449,
            8.623059399500882,
            7.181221200596657,
            5.642309843799728,
            4.2047489459793415,
            3.05684151652274,
            2.3238977300336763,
            1.8818194297026851,
            1.528040014917324,
            1.26796218514413,
            1.1783045483262367,
            0.7632382953674799,
            0.7378612750526679,
            0.8456369429079995,
            0.9218246941250068,
            0.7923347177976598,
            0.6355910044653219
        ],
        "longitudinal": [
            0.004468145526095247,
            -0.0033680366273272887,
            -0.015072564099655923,
            0.01630205090994582,
            0.5010697150719787,
            1.5858176846129706,
            2.5998259957345007,
            3.775946198777852,
            4.903618727772134,
            6.525223182651347,
            7.830869136134648,
            9.158676420479232,
            10.82798894863956,
            11.537113485908268,
            11.519181648646093,
            11.301963862966208,
            10.775923183767748,
            9.949348961328935,
            8.971604970687135,
            7.963942022868159,
            7.137451614209018,
            6.5316169020341945,
            6.064444303401415,
            5.594318794202844,
            4.95894833803235,
            4.161023852042367,
            3.23380645235926,
            2.3546315801413256,
            1.6487917068168827,
            1.23444205724002,
            0.9867634868640088,
            0.7985696844611102,
            0.5912440587342214,
            0.4763078074633616,
            0.35227673706441703,
            0.36020580117779477,
            0.4461735102776401,
            0.5150451668620599,
            0.4245467335628815,
            0.30176569807822323
        ]
    },
    "PAHw4": {
        "fiber": [
            0.8922485920200914,
            0.9394210117554093,
            0.9638917775978658,
            0.9520681573802903,
            1.0150273713150502,
            1.8418197917055077,
            3.0973738163937186,
            4.7409629797447135,
            6.578856810115215,
            8.034142107670137,
            9.16772510248184,
            10.930212254351689,
            13.767030687521668,
            15.83750611898517,
            15.91543836685843,
            15.790594876285274,
            15.655328827878751,
            15.633847596674295,
            15.8148344239044,
            16.067960336564116,
            16.22412925576371,
            16.3602338515457,
            16.464391222875616,
            16.375852683981176,
            15.682513287591531,
            14.286724034306756,
            12.233174138108904,
            9.806042692183047,
            7.931963695452087,
            6.165298371305953,
            4.7040731206234065,
            3.4529410393755033,
            2.7154436125469115,
            2.371667234923155,
            1.6521624815558844,
            1.2848657380942878,
            1.163677023852685,
            1.2857915447306936,
            1.282330218293885,
            1.2370670089698999
        ],
        "circumferential": [
            0.7616803403803001,
            0.8075243310735621,
            0.8258130523813266,
            0.8028165347132353,
            0.8404286113747581,
            1.4852474414530965,
            2.492730793920567,
            3.7274933481539345,
            5.13795507030339,
            6.4125259835548585,
            7.521646226128036,
            9.265239741825502,
            12.051066226451104,
            13.078596890875021,
            12.639610437525526,
            12.106311149602828,
            11.446017327281345,
            11.02464027398514,
            10.753546588123037,
            10.516152386050525,
            10.184238443411854,
            9.905831538116827,
            9.77969295903604,
            9.586477649977594,
            9.00980190624624,
            8.134003682820069,
            6.976598337044653,
            5.5749922736812385,
            4.442194432522133,
            3.4137928516408755,
            2.576700839941885,
            1.887269688871035,
            1.5169620933528924,
            1.3766206912306793,
            0.9378986709063044,
            0.756524934130631,
            0.6636813437207648,
            0.7011518567778854,
            0.7301355835072911,
            0.7715114059447409
        ],
        "longitudinal": [
            0.34951445141009135,
            0.37405734994797607,
            0.3893310753053666,
            0.38797749276494886,
            0.3986855642863985,
            0.7245122782564288,
            1.2167475407908375,
            1.8780723007501425,
            2.6395480440482357,
            3.2445459253523583,
            3.733946036406961,
            4.517230569492172,
            5.797440015890121,
            6.65232523428576,
            6.638210471618138,
            6.5517099346283985,
            6.456568502552191,
            6.35200143891585,
            6.269824517174604,
            6.177723161483145,
            6.043852661662317,
            5.927802979209477,
            5.854154511965767,
            5.762827319891971,
            5.472698714047887,
            4.971716584209129,
            4.260660625382386,
            3.409518911243158,
            2.737332362805673,
            2.1141734968966612,
            1.5965867575304162,
            1.168618492076065,
            0.8903436470845826,
            0.715974954612565,
            0.6081929555560825,
            0.4969681179030804,
            0.47614211794113126,
            0.5578399347618771,
            0.556092378998996,
            0.5116933908097012
        ]
    },