{
    "CNT": {
        "rv_pressure": [
            0.0,
            0.33448801,
            0.331307887,
            0.32569654,
            0.362047817,
            0.552889191,
            0.902204928,
            1.2,
            1.512434448,
            1.8,
            2.200010803,
            2.5,
            2.799562529,
            3.235769053,
            3.445396602,
            3.55699313,
            3.61857825,
            3.606223376,
            3.549429504,
            3.476262798,
            3.388022921,
            3.301829108,
            3.21601388,
            3.091913194,
            2.874276318,
            2.534232939,
            2.07365361,
            1.532111561,
            1.034506893,
            0.646244702,
            0.420123529,
            0.292334661,
            0.217759491,
            0.190603401,
            0.188838452,
            0.192017069,
            0.245613152,
            0.315174023,
            0.361947576,
            0.355021511,
            0.341342011
        ],
        "measured_volume_rv": [
            98.38120799279369,
            170.7735051,
            178.5468694,
            188.3114045,
            198.2883125,
            206.381303,
            214.5110428,
            217.9393284,
            220.1741736,
            221.1066225,
            221.7672676,
            221.1429007,
            218.3234414,
            210.3592704,
            202.6156447,
            190.8562583,
            179.1610577,
            167.9868522,
            155.293284,
            142.7956569,
            129.949871,
            116.8242485,
            104.5306653,
            94.37265704,
            85.88277774,
            79.34047905,
            75.12658765,
            73.46996049,
            73.26535274,
            73.51428038,
            72.85234531,
            73.2042428,
            76.31729519,
            87.50913587,
            95.52639766,
            112.2626539,
            127.0271645,
            140.8897291,
            151.8095802,
            157.7769001,
            164.1807489
        ],
        "simulated_volume_rv": [
            98.38120799279366,
            199.479649436328,
            195.42914128379783,
            189.48294426216623,
            196.20420207857242,
            206.38670945364976,
            214.5133837149343,
            217.94155312302166,
            220.17645112518557,
            221.10522220051885,
            221.7735602860401,
            221.1439252621986,
            218.3246558854511,
            210.36048113460015,
            202.6210384712013,
            190.85749929635526,
            179.16437424712007,
            167.98883487776172,
            155.2946841982985,
            142.79666985629606,
            129.95085897859028,
            116.82827610182309,
            104.54039711840082,
            94.3748033502116,
            85.88691716016665,
            79.34002919335447,
            75.11589505557876,
            73.4750255388882,
            73.25681737405455,
            73.51443258431284,
            72.85268683352669,
            73.20367363327772,
            76.31675382090273,
            87.51009999752222,
            95.52751238609396,
            112.26399380822468,
            127.02940935495488,
            140.89219588111496,
            151.8126371066228,
            157.7799362810039,
            164.18369915007
        ]
    },
    "PAHw4": {
        "rv_pressure": [
            0.0,
            0.706273295,
            0.729604645,
            0.743363475,
            0.741376978,
            0.748869674,
            0.986809447,
            1.35,
            1.834670706,
            2.4,
            2.8,
            3.07252548,
            3.5,
            4.195256706,
            4.862266672,
            5.05,
            5.195878313,
            5.448776815,
            5.715794116,
            6.075496872,
            6.433479774,
            6.658313995,
            6.721335305,
            6.616277569,
            6.422520706,
            6.072617117,
            5.478280973,
            4.596542594,
            3.551004806,
            2.709742986,
            1.981844862,
            1.381682547,
            0.942413221,
            0.669903053,
            0.543913763,
            0.52195563,
            0.521768979,
            0.528808381,
            0.597655862,
            0.64103884,
            0.67794237
        ],
        "measured_volume_rv": [
            83.1956296878712,
            186.9533,
            206.8278,
            217.7635,
            219.5927,
            213.3231,
            200.0395,
            190.9948,
            182.1612,
            182.1032,
            187.4822,
            194.454,
            204.8871,
            219.2028,
            205.8767,
            191.0651,
            176.5055,
            158.3635,
            144.0705,
            129.9511,
            115.8734,
            101.8342,
            89.9716,
            81.8805,
            76.7452,
            72.9954,
            71.48,
            71.2211,
            70.0208,
            66.8455,
            64.9526,
            63.0541,
            63.1912,
            65.3365,
            70.6313,
            77.0627,
            99.5419,
            115.9651,
            126.5231,
            142.3909,
            164.0545
        ],
        "simulated_volume_rv": [
            83.1956296878712,
            222.05878762574798,
            223.84200225852626,
            223.3501131333065,
            219.77364782383844,
            205.81529075172412,
            200.03757840371324,
            191.00559003939617,
            182.15670279472397,
            182.1078973956379,
            187.48672121733313,
            194.45114993976938,
            204.8828856664174,
            219.21170907643892,
            205.88060597113667,
            191.06188271831564,
            176.50622242245998,
            158.3660951627523,
            144.07612467727645,
            129.9597656465701,
            115.87066103827966,
            101.83514325114355,
            89.9713791123893,
            81.88064358465131,
            76.75084461906499,
            72.98704848131312,
            71.47883982714431,
            71.2212227082142,
            70.02151944718459,
            66.84489020203762,
            64.95285626360437,
            63.051679105211186,
            63.18779294858552,
            65.33571492067536,
            70.63188184386873,
            77.06415268086126,
            99.54451254737943,
            115.96798125825505,
            126.52649871944121,
            142.39265499648798,
            164.05818537556303
        ]
    },
    "PAHw8": {
        "rv_pressure": [
            0.0,
            0.670236,
            0.860953,
            1.004461,
            1.039272,
            1.01746,
            1.207911,
            1.6,
            2.048559,
            2.5,
            3.01,
            3.541752,
            4.01,
            4.5,
            5.029732,
            5.963213,
            6.503474,
            6.910559,
            7.405477,
            7.983175,
            8.422364,
            8.643359,
            8.74723,
            8.749816,
            8.600069,
            8.266524,
            7.619366,
            6.604052,
            5.9,
            5.262286,
            4.5,
            3.834967,
            2.641482,
            1.722454,
            0.523849,
            0.278483,
            0.170519,
            0.133349,
            0.15972,
            0.321413,
            0.507144
        ],