{
    "lowRes": {
        "fiber": [
            0.4409633976756358,
            0.5025498738859357,
            0.5503049827882501,
            0.7271072339730538,
            3.0122751009420368,
            4.994536371288551,
            6.691254595016401,
            8.40319022846316,
            10.162484135254918,
            12.135844717569208,
            14.433549108847648,
            16.48971812024401,
            17.3929725001078,
            17.658707195916183,
            17.619045166408913,
            17.301808821112587,
            16.862715787574846,
            16.41065624429507,
            15.95992796370244,
            15.741441949804265,
            15.73759758551986,
            15.87845288044023,
            16.010831789086687,
            15.470228184791088,
            14.413835841339527,
            13.189584466531338,
            11.970549391355073,
            10.558534632120205,
            8.915002474202625,
            7.457105588886757,
            6.26109454689953,
            5.014659805677881,
            3.248827620232174,
            1.9339672420817362,
            1.260913231052222,
            1.4372094714520796,
            1.5723260905307723,
            1.6518533163491669,
            1.1031601587351552,
            0.8457546287831154
        ],
        "circumferential": [
            0.24031386973125587,
            0.27704207596771285,
            0.3030290115876929,
            0.41501229643632304,
            1.0894834689351436,
            1.9126631190148013,
            2.8888766975680635,
            3.736215016456088,
            4.570156772821681,
            5.528899658331357,
            6.688997527092221,
            7.662775092400561,
            7.822723163085448,
            7.54002234520892,
            7.341767000517111,
            6.914461771597621,
            6.4618735347157035,
            6.018278037702496,
            5.537242363605296,
            5.206832074656909,
            4.9563697895310845,
            4.750986163858064,
            4.464600291899737,
            3.888294070701916,
            3.484049350328127,
            3.095370405103956,
            2.675855228264231,
            2.2396011123826653,
            1.814373383628595,
            1.4772388977318727,
            1.1852548291390275,
            0.9042405806370205,
            0.549096965355677,
            0.35202791696939184,
            0.21295862579466707,
            0.22334495908230806,
            0.2482371240958997,
            0.26548705771772235,
            0.20735077266283947,
            0.21749668625750468
        ],
        "longitudinal": [
            0.17632488963599421,
            0.19997034990058982,
            0.21869750651969352,
            0.285476941247082,
            1.053480963267252,
            1.709351395139642,
            2.244355811736602,
            2.7886602986885345,
            3.345646578352659,
            3.968466369503651,
            4.687130582947585,
            5.341447202091386,
            5.67249443358671,
            5.830525402172008,
            5.8493203757501515,
            5.7980651117274915,
            5.699237869572002,
            5.585432779122381,
            5.4662690127087235,
            5.409984995880032,
            5.428852806072166,
            5.5074365301132024,
            5.60442301063926,
            5.4827424224558525,
            5.13965773889506,
            4.7228359825278305,
            4.309354327907094,
            3.8245600400265767,
            3.251304153757886,
            2.729842100389553,
            2.3023425510164315,
            1.8509295328545738,
            1.2041756475406136,
            0.7140937019906687,
            0.45887514243010025,
            0.5288645909767918,
            0.5817486022780912,
            0.6126836553070958,
            0.40071939701581355,
            0.3059020732588219
        ]
    },
    "midlowRes": {
        "fiber": [
            0.3754378773020694,
            0.4264116254464034,
            0.4640386880714351,
            0.6130387867056559,
            2.110661058559167,
            3.6500106069811467,
            5.141475149986774,
            6.599490985667885,
            8.1326329585205,
            9.900108631018929,
            12.049946172327873,
            13.976443979797477,
            14.707409023113843,
            14.854185585362098,
            14.782774813668242,
            14.384280774519336,
            13.888217566294378,
            13.381346681492793,
            12.843941287312742,
            12.504482361413707,
            12.32462928353358,
            12.213712701849278,
            12.00891869211356,
            11.266046990865675,
            10.296083479445764,
            9.288588339246695,
            8.296847494878957,
            7.170988280033058,
            5.879727283183909,
            4.806220436490307,
            3.941411803811385,
            3.074755087604138,
            1.9078594969565914,
            1.1415226946468615,
            0.7118757614983882,
            0.7986646960240281,
            0.8797743007115881,
            0.926430595497142,
            0.6364680842083358,
            0.53209563151101
        ],
        "circumferential": [
            0.8095843439209998,
            0.9266356359810564,
            1.010382012267529,
            1.3603558086861884,
            3.3766092198614537,
            5.700898278938537,
            8.431159157311631,
            10.751591678506779,
            12.97578333121643,
            15.499882005860433,
            18.498138536726735,
            20.967646070041592,
            21.274039802049654,
            20.30798649971879,
            19.682556135186044,
            18.42300124489042,
            17.071507338631637,
            15.724847745326743,
            14.298813565780474,
            13.41496586546452,
            12.844109461405079,
            12.50892284151278,
            12.076171886814556,
            10.88296045907938,
            9.967927150620111,
            8.986925166105314,
            7.904869412558938,
            6.764764455855777,
            5.656463960767287,
            4.703152853799769,
            3.861837061247363,
            3.0105221487715634,
            1.9097521357650835,
            1.2101212784747937,
            0.7618414115465566,
            0.816343042407698,
            0.8890916634127797,
            0.9342826615671546,
            0.7352962418680374,
            0.7535626194405343
        ],
        "longitudinal": [
            0.30406789604944423,
            0.3584958200245265,
            0.4004279741561858,
            0.5613534539924669,
            1.743827927377227,
            3.0089242137931183,
            4.262219011368054,
            5.462084300564972,
            6.713973774172628,
            8.179122383350512,
            9.97341612498842,
            11.605637333748389,
            12.251798078269022,
            12.39892622680913,
            12.296712600962062,
            11.920565061845089,
            11.426935687990852,
            10.847714191806464,
            10.161344229382582,
            9.634710251438799,
            9.287261172932487,
            9.07392818680285,
            8.851764082824625,
            8.245402640377774,
            7.545019497630043,
            6.805681007669538,
            6.059835824843351,
            5.227500764641894,
            4.300102631752201,
            3.514459855995692,
            2.872017279375256,
            2.2300849240133465,
            1.3425347491422694,
            0.7252039315297315,
            0.4752893152299764,
            0.5734350163655622,
            0.6573843990514857,
            0.7096686648942612,
            0.45744503278668946,
            0.37539165193718516
        ]
    },