{
    "lowRes": {
        "fiber": [
            0.10211474206145602,
            0.10645300218865082,
            0.10999346374117591,
            0.11974003213173351,
            0.0756609953642992,
            0.06459610195484311,
            0.07949580582185435,
            0.08061301459829505,
            0.07334176356561142,
            0.06702854526805685,
            0.058804666701515816,
            0.0511000213968818,
            0.040943020186479745,
            0.022728322181836614,
            0.013813251876692125,
            0.0027145930857768855,
            -0.00865859482814088,
            -0.020395782164950447,
            -0.03219600185690039,
            -0.038721721454557274,
            -0.04209632467903417,
            -0.04189820381474801,
            -0.03930455067392649,
            -0.03844451899143532,
            -0.03448721065113454,
            -0.03272080411214626,
            -0.03287066523335398,
            -0.03161424604074339,
            -0.023173435790967253,
            -0.01724253355186925,
            -0.013390145115042698,
            -0.011280542529126643,
            0.008179405362659934,
            0.036153648607129586,
            0.01943483354831144,
            0.0020954885048551685,
            -0.003862296910085316,
            -0.003798245894728898,
            0.02700687014251254,
            0.0571514441458732
        ],
        "circumferential": [
            0.1283154050802463,
            0.13310365644238484,
            0.13607264211923642,
            0.14759907318200977,
            0.16359334307980122,
            0.18608028817668376,
            0.21604537912886793,
            0.2297007493332711,
            0.23740431822035432,
            0.24433944758937487,
            0.25038438328513796,
            0.2513779918794988,
            0.24039263181968443,
            0.21767155472628147,
            0.20543464060294303,
            0.18751782084913896,
            0.16916600394074915,
            0.15019871540811766,
            0.13004999185971433,
            0.11708411712301896,
            0.10776008352248262,
            0.10186521847565684,
            0.09607952447547495,
            0.0863568063973347,
            0.08491266720410616,
            0.08296226338389255,
            0.07833006522063084,
            0.07414993741190189,
            0.07400145461227833,
            0.07348073809048475,
            0.07043495355105342,
            0.06609703046468188,
            0.06458759105420453,
            0.07194592396257025,
            0.06151675119102575,
            0.053269687208605594,
            0.05366238469427637,
            0.05581575891072717,
            0.07534803903419814,
            0.0996698694865577
        ],
        "longitudinal": [
            0.03418333558994921,
            0.03569366751606971,
            0.03703409124340266,
            0.04031167962541271,
            0.02675688950040436,
            0.021584714839453133,
            0.024629096486727686,
            0.024278646837398696,
            0.02130420234990923,
            0.01874622660043055,
            0.01549575437845656,
            0.012896891374265028,
            0.01045067855703744,
            0.0059275316517832825,
            0.0037109361384865774,
            0.0011792616818180556,
            -0.0015556940581894238,
            -0.004535444287004581,
            -0.007594507519907098,
            -0.009187500215584815,
            -0.00972103416135817,
            -0.008901644302670741,
            -0.006905703854016528,
            -0.0053989960863946125,
            -0.003486191980081964,
            -0.002659579178108004,
            -0.0024655473928666427,
            -0.0017432113688206283,
            0.0017388795524364092,
            0.003904391834681875,
            0.0053824229881704105,
            0.0059111753341076646,
            0.013115655777384515,
            0.02242629847060641,
            0.012695683531829314,
            0.006738146725060795,
            0.005047119842443546,
            0.005390624583816418,
            0.014126612523342645,
            0.0221582772535292
        ]
    },
    "midlowRes": {
        "fiber": [
            0.12111044337635349,
            0.12567847179923494,
            0.12881725209594241,
            0.13949411802426193,
            0.1239350215705272,
            0.12903657168634178,
            0.15348116441526072,
            0.1606641663252616,
            0.15967332143884047,
            0.15871319686274374,
            0.15611339796254853,
            0.1513736018649182,
            0.13959171060493786,
            0.1176434214516165,
            0.10648081716498618,
            0.09126247603809153,
            0.07549522557869495,
            0.058989537849577396,
            0.04194110053514258,
            0.03190404703949571,
            0.025895721085844068,
            0.02394296344461342,
            0.02376204559781008,
            0.021054959327172423,
            0.023096106607172,
            0.023581472611911954,
            0.02192862395621281,
            0.02125674128972741,
            0.025979956424849283,
            0.029054140588164433,
            0.02986645339438578,
            0.02927249668364182,
            0.03739309508587051,
            0.052420376818951016,
            0.04295421071483349,
            0.03109116027750444,
            0.0272668273796601,
            0.02710374311858148,
            0.052075105595835,
            0.08156276331667099
        ],
        "circumferential": [
            0.39114448353509707,
            0.40496168561775137,
            0.41351074259500853,
            0.4462645445872319,
            0.4232348780499579,
            0.4457641789563848,
            0.5169983853825076,
            0.535827901689778,
            0.5335176153602368,
            0.5301774003202742,
            0.5227187669742863,
            0.50708008763743,
            0.46847711960834726,
            0.4002351065231752,
            0.36619074233319115,
            0.31895513053143215,
            0.27085380244514795,
            0.22152972326030237,
            0.17102035576698088,
            0.14154769465346626,
            0.12304060568294564,
            0.11513086972239353,
            0.11034840080522079,
            0.0973464480655459,
            0.10096817798727982,
            0.10150689841668385,
            0.09570040713254001,
            0.09251473563708429,
            0.10331291114114186,
            0.11115962374411868,
            0.11207605479997583,
            0.11025187325343189,
            0.1245486092177675,
            0.1555163108468852,
            0.1475374186180463,
            0.12403677950602846,
            0.11890910173743639,
            0.12028675580803715,
            0.19427905046885885,
            0.28136117941845024
        ],